id,title,ruby,key,lang,artist,mod,remarks
1,爱就一个字,,C,国语,张信哲,C→C#,
2,爱你一万年,,C,国语,刘德华,,
3,不潮不用花钱,,C,国语,林俊杰,,
4,唱得响亮,,C,国语,李宇春,,
5,大城小爱,,C,国语,王力宏,C→D,
6,当你,,C,国语,林俊杰,,
7,当我们宅一块,,C,国语,罗志祥,,
8,对面的女孩看过来,,C,国语,任贤齐,,
9,方圆几里,,C,国语,薛之谦,C→D,
10,粉红色的回忆,,C,国语,李玲玉,,
11,光阴的故事,,C,国语,罗大佑,,
12,好久不见,,C,国语,陈奕迅,,
13,红豆,,C,国语,王菲,,
14,红日,,C,国语,李克勤,,
15,红玫瑰,,C,国语,陈奕迅,,
16,花儿为什么这样红,,C,国语,吴影&于淑荣,,
17,九九艳阳天,,C,国语,蒋大为&宋祖英,,
18,卷珠帘,,C,国语,霍尊,C→G,
19,来自你，来自我，来自他,,C,国语,周华健,,
20,龙船调,,C,国语,宋祖英,,
21,锣鼓,,C,国语,林依轮,,
22,老男孩,,C,国语,筷子兄弟,,
23,牧马人,,C,国语,杨坤,,
24,那时雨,,C,国语,徐良,,
25,难念的经,,C,国语,周华健,,
26,你快回来,,C,国语,孙楠,,
27,你怎么舍得我难过,,C,国语,黄品源,,
28,牛仔很忙,,C,国语,周杰伦,,
29,蒲公英的约定,,C,国语,周杰伦,,
30,奇妙能力歌,,C,国语,陈粒,,
31,亲爱的是你把我宠坏,,C,国语,许茹芸,,
32,死了都要爱,,C,国语,信乐团,,
33,伤心的人别听慢歌,,C,国语,五月天,,
34,深海,,C,国语,,,《潜伏》结尾曲
35,生死不离,,C,国语,霍勇,,
36,十九恋歌,,C,国语,孙浩,,
37,十送红军,,C,国语,宋祖英,,
38,时间煮雨,,C,国语,郁可唯,,
39,说好的幸福呢,,C,国语,周杰伦,C→C#,
40,天上有没有北大荒,,C,国语,韩磊,,
41,往事只能回味,,C,国语,邓丽君,,
42,我的爱对你说,,C,国语,叶倩文,C→D,
43,我们拥抱亲吻相爱的人,,C,国语,鹿先森乐队,,
44,无所谓,,C,国语,杨坤,,
45,无与伦比的美丽,,C,国语,苏打绿,,
46,相思,,C,国语,毛阿敏,,《西游记后传》ED
47,相约,,C,国语,潘劲东,,
48,小城故事,,C,国语,邓丽君,,
49,笑红尘,,C,国语,陈淑桦,,
50,心会跟爱一起走,,C,国语,陈洁仪&郭峰,,
51,烟花易冷,,C,国语,林志炫,,
52,野百合也有春天,,C,国语,罗大佑,,
53,有多少爱可以重来,,C,国语,迪克牛仔,,
54,愚公移山,,C,国语,江涛,,
55,在水一方,,C,国语,邓丽君,,
56,知足是福,,C,国语,汤子星,,
57,追光者,,C,国语,岑宁儿,,
58,A Dog's Life,,C,英语,,,
59,Bad Romance,,C,英语,Lady Gaga,,
60,Bare Necessities,,C,英语,,,
61,Big Big World,,C,英语,Emilia Rydberg,,
62,Brave Heart,,C,日语,宫崎步,,
63,Continued Story,,C,日语,黒石ひとみ,,
64,Deja Vu,,C,英语,,,
65,Escape,,C,英语,Jaroslav Beck,,
66,Free Loop,,C,英语,Daniel Powter,,
67,Give Me Some Sunshine,,C,外语,,,
68,God only knows,,C,外语,ELISA,,《只有神知道的世界》OP
69,Inner Urge,,C,日语,上坂すみれ,C→B→C,《没有黄段子存在的无聊世界》ED
70,Jump,,C,英语,Van Halen,,
71,Like Humans Do,,C,英语,David Byrne,,
72,My Love,,C,英语,Westlife,C→D,
73,Servante du feu,,C,外语,,,《空之音》OP
74,What Are Words,,C,英语,,,
75,Your Reality,,C,英语,,,《Doki Doki Literature Club!》ED
76,いのちの名前,,C,日语,,C→D#,
77,風になる,,C,日语,,,
78,君がいれば,,C,日语,,,
79,きみのこえ,,C,日语,川嶋愛,,
80,君へ,,C,日语,ZAQ,,《中二病也要谈恋爱！Lite》OP
81,桜の樹の下,,C,日语,KOKIA,,
82,さんぽ,,C,日语,,,《龙猫》OP
83,切羽,せっぱ,C,纯音乐,,,
84,太陽曰く燃えよカオス,,C,日语,,C→D#→C,
85,ドーナツハウスのミス・ライアン,,C,日语,,,
86,めざせポケモンマスター,,C,日语,,C→A,
87,夕顔,ゆうがお,C,日语,能登麻美子,,
88,床下の我が家,ゆかしたのわがや,C,日语,,,
89,ライオン,,C,日语,,C→G,
90,귀요미송,,C,韩语,,,
91,Doki Doki Literature Club!,,C,纯音乐,,,
92,here comes the sweater weather,,C,纯音乐,,,
93,Here We Are Again,,C,纯音乐,,,《喜剧之王》BGM
94,Kotori Samba,,C,纯音乐,,,
95,La valse d'Amélie,,C,纯音乐,,,《天使爱美丽》BGM
96,Moonglow,,C,纯音乐,Bandari,,
97,One day in spring,,C,纯音乐,Bandari,,
98,Peace of Mind,,C,纯音乐,,C→F,
99,ROBOTICS;NOTES,,C,纯音乐,,,
100,Säkkijärven polkka,,C,纯音乐,,,
101,欢沁,,C,纯音乐,,,
102,眉间心上,,C,纯音乐,,,
103,踏歌行,,C,纯音乐,,,
104,雪暖晴岚,,C,纯音乐,,,
105,榣山遗韵,,C,纯音乐,,,
106,玉满堂,,C,纯音乐,,,
107,玉水明沙,,C,纯音乐,,,
108,渔樵唱晚,,C,纯音乐,,,
109,あの夏へ,,C,纯音乐,,C→D#,
110,与神ひよ,あたえかみひよ,C,纯音乐,,,
111,一途な心,いちずのこころ,C,纯音乐,,,
112,籠のなか,かごのなか,C,纯音乐,,,《蟲師》BGM
113,軌跡,きせき,C,纯音乐,ふみこみどり,,
114,五月の村,ごがつのむら,C,纯音乐,,,《龙猫》BGM
115,久遠寺有珠,くおんじありす,C,纯音乐,,,
116,腐り姫の伝説,くさりひめのでんせつ,C,纯音乐,,,
117,潮鳴り,しおなり,C,纯音乐,,,
118,静希草十郎,しずきそうじゅうろう,C,纯音乐,,,
119,だが待て、しばし,,C,纯音乐,,,
120,ナルトの日常,,C,纯音乐,,,
121,変態乳牛,へんたいにゅうぎゅう,C,纯音乐,,,
122,宵祭りの風,よいまつりのかぜ,C,纯音乐,,C→(D#),
123,蘭のテーマ,,C,纯音乐,,,
124,常回家看看,,C#,国语,陈红,C#→D,
125,匆匆那年,,C#,国语,王菲,,
126,大地飞歌,,C#,国语,宋祖英,,
127,蝶恋花,,C#,国语,牛奶咖啡,,
128,东西,,C#,国语,张靓颖,,
129,儿歌,,C#,国语,张悬,,
130,刚好遇见你,,C#,国语,李玉刚,,
131,滚滚长江东逝水,,C#,国语,杨洪基,,
132,过火,,C#,国语,张信哲,,
133,海尔兄弟,,C#,国语,,,
134,好听,,C#,国语,许茹芸,,
135,睫毛弯弯,,C#,国语,王心凌,C#→D#,
136,久别的人,,C#,国语,白雪,,
137,快点告诉你,,C#,国语,蓝沁,,《动画城》主题曲
138,里面外面,,C#,国语,范晓萱,,
139,情浓情淡,,C#,国语,杨迎,,
140,清明雨上,,C#,国语,许嵩,,
141,认真的雪,,C#,国语,薛之谦,,
142,日不落,,C#,国语,蔡依林,,
143,伤心雨,,C#,国语,王子鸣,,
144,绅士,,C#,国语,薛之谦,,
145,我们的歌,,C#,国语,王力宏,,
146,幸福万年长,,C#,国语,汤灿,,
147,隐形的翅膀,,C#,国语,张韶涵,,
148,雨蝶,,C#,国语,李翊君,,
149,月光,,C#,国语,王心凌,,
150,月亮代表我的心,,C#,国语,邓丽君,,
151,致自己,,C#,国语,齐一,,
152,最炫民族风,,C#,国语,凤凰传奇,C#→E,
153,万水千山总是情,,C#,国语,汪明荃,,
154,宁夏,,C#,国语,梁静茹,C#→E,
155,Answer,,C#,外语,,,
156,Checkmate!?,,C#,日语,,C#→F,《粗点心战争》OP
157,Cinderella Syndrome,,C#,外语,YUC’e,,
158,Everybody,,C#,外语,,,
159,Poker Face,,C#,外语,堀江由衣,,《黑白小姐》ED
160,Sweet Home \~僕の帰る場所\~,,C#,日语,,,
161,Trouble Maker,,C#,外语,,,
162,つまんない恋,,C#,日语,,,
163,ナガレボシ,,C#,日语,,,《夜樱四重奏》ED
164,A Rainy Morning ~Main Title~,,C#,纯音乐,,,
165,China-X,,C#,纯音乐,,,
166,Five,,C#,纯音乐,,,《魔法使之夜》BGM
167,K's Theme,,C#,纯音乐,,,
168,Luv Letter,,C#,纯音乐,,,
169,You,,C#,纯音乐,,,
170,仗剑,,C#,纯音乐,,C#→G#,
171,蒼崎青子,あおざきあおこ,C#,纯音乐,,,
172,彩月-Saigetsu-,,C#,纯音乐,,,
173,夏の大三角,なつのだいさんかく,C#,纯音乐,,,
174,K歌之王,,D,国语,陈奕迅,,
175,Lydia,,D,国语,FIR,D→F→D,
176,Super Star,,D,国语,S.H.E,,
177,爱的魔法,,D,国语,金莎,,
178,爱情三十六计,,D,国语,蔡依林,,
179,爱要怎么说出口,,D,国语,赵传,,
180,北国之春,,D,国语,蒋大为,,
181,北京欢迎你,,D,国语,,,
182,长相依,,D#,国语,刘丽丽,,
183,成都,,D,国语,赵磊,,
184,迟来的爱,,D,国语,李茂山,,
185,等待,,D,国语,韩磊,,我为什么还在等待
186,风吹麦浪,,D,国语,孙俪&李健,D→A,
187,橄榄树,,D,国语,齐豫,,
188,干杯，朋友,,D,国语,田震,,
189,关不上的窗,,D,国语,周传雄,,
190,借口,,D,国语,周杰伦,,
191,矜持,,D,国语,姚贝娜,,
192,快乐的歌,,D,国语,谢娜,,
193,快乐老家,,D,国语,陈明,,
194,兰亭序,,D,国语,周杰伦,,
195,泪海,,D,国语,许茹芸,D→D#,
196,龙卷风,,D,国语,邓紫棋,,
197,美梦成真,,D,国语,许茹芸,,
198,梦里水乡,,D,国语,江珊,,
199,母亲是中华,,D,国语,,,
200,你知道我在等你吗,,D,国语,迪克牛仔,D→D#,
201,怒放的生命,,D,国语,汪峰,,
202,漂洋过海来看你,,D,国语,娃娃,,
203,千里之外,,D,国语,周杰伦&费玉清,D→D#,
204,取经归来,,D,国语,蒋大为,,
205,让我欢喜让我忧,,D,国语,周华健,,
206,如果这都不算爱,,D,国语,张学友,,
207,思念,,D,国语,毛阿敏,,你从哪里来
208,离魂,,D,纯音乐,,,
209,十二美人图,,D,国语,秦岚,D→D#,
210,思念是一种病,,D,国语,张震岳&蔡健雅,,
211,踏浪,,D,国语,徐怀钰,,
212,桃红,,D,国语,陈红,,又是一季春来早
213,天地在我心,,D,国语,刘欢,,
214,甜蜜蜜,,D,国语,邓丽君,,
215,同一首歌,,D,国语,毛阿敏,,
216,同桌的你,,D,国语,老狼,,
217,头号粉丝,,D,国语,莫文蔚,,
218,我绝对不说我爱你,,D,国语,许茹芸,,
219,我用自己的方式爱你,,D,国语,陈明真,,
220,无言的结局,,D,国语,李茂山&林淑容,,
221,想你的三百六十五天,,D,国语,李玟,,
222,小情歌,,D,国语,苏打绿,,
223,心愿,,D,国语,四个女生,,
224,心雨,,D,国语,杨钰莹&毛宁,,
225,星月神话,,D,国语,金莎,,
226,一千年以后,,D,国语,林俊杰,D→E,
227,因为爱,,D,国语,陶喆,,
228,樱花草,,D,国语,Sweety,D→(F),
229,又见炊烟,,D,国语,邓丽君,,
230,小桃红,,D,国语,陈红,,又是一季春来早
231,月牙湾,,D,国语,FIR,,
232,在一起,,D,国语,羽·泉,,
233,怎样,,D,国语,戴佩妮,,
234,贞观长歌,,D,国语,张澜澜,,
235,真的好想你,,D,国语,周冰倩,,
236,征服,,D,国语,那英,,
237,祝你平安,,D,国语,孙悦,,
238,走进新时代,,D,国语,张也,,
239,走了这么久你变了没有,,D,国语,韩磊&刘婕,,
240,最美的期待,,D,国语,周笔畅,,
241,Best Day Of My Life,,D,外语,,,
242,Dive With Me,,D,外语,,,
243,Forza Gesù,,D,外语,,D→E,《加油耶稣》
244,FOOTPRINTS IN THE SAND,,D,日语,ピクセルビー,,
245,Kung Fu Fighting,,D,外语,,,
246,hectopascal,,D,日语,,,《终将成为你》ED
247,Hotel California,,D,外语,Eagles,,
248,Inside Identity,,D,日语,,D→D#,
249,It's My Life,,D,外语,Bon Jovi,,
250,Let Me Be With You,,D,外语,ROUND TABLE,,《人型电脑天使心》OP
251,Love Is All,,D,外语,Vann Johnson,,
252,magnet,,D,日语,初音ミク,,
253,Moves Like Jagger,,D,外语,Maroon 5,,
254,My Kind,,D,英语,Hilary Duff,,
255,"My Soul,Your Beats!",,D,日语,,,《Angel Beats!》OP
256,Nothing's Gonna Change My Love,,D,英语,Westlife,D→D#,
257,One Way Or Another,,D,英语,Blondie,,
258,Real Force,,D,日语,ELISA,,
259,Resuscitated Hope,,D,外语,,D→E,《GOSICK》ED
260,Sincerely,,D,日语,TRUE,D→F,《紫罗兰永恒花园》OP
261,Sofía,,D,外语,Alvaro Soler,,
262,SOUND OF DESTINY,,D,日语,水樹奈々,,
263,Sound of Silence,,D,英语,Simon & Garfunkel,,
264,Sugar,,D,英语,Maroon 5,,
265,Time after time～花舞う街で～,,D,日语,倉木麻衣,D→(G→A#)→D,
266,Time To Say Goodbye,,D,外语,,,
267,The Day You Went Away,,D,外语,M2M,,
268,Try,,D,外语,P!nk,,
269,Violet Snow,,D,英语,結城アイラ,,
270,美しきもの,,D,日语,,D→F→E→A,
271,変わり行く世界の為に,,D,日语,,,
272,歌舞伎町の女王,かぶきまちのじょおう,D,日语,椎名林檎,,
273,かくしん的☆めたまるふぉ～ぜっ!,,D,日语,,,《干物妹小埋》OP
274,君さえいなけりゃ,,D,日语,,D→D#,
275,原風景,げんふうけい,D,日语,まももP,,
276,ケセラセラ,,D,日语,,,
277,この世界の片隅で,,D,日语,,,
278,ずっとBe with you,,D,日语,阿澄佳奈,,《潜行吧！奈亚子》ED
279,旅立ちの日に…,,D,日语,川嶋愛,,
280,鳥の詩,,D,日语,Lia,D→B→C#→(E)→D,
281,ドラえもんのうた,,D,日语,,,
282,春擬き,はるもどき,D,日语,やなぎなぎ,,
283,光の季節,,D,日语,Suara,,
284,ふたりのきもちのほんとのひみつ,,D,日语,,,
285,まどろみの約束,,D,日语,,F→D,"从转调的副歌部分（D）开始
《冰果》ED"
286,夕日坂,ゆうひさか,D,日语,,,
287,소녀시대,,D,外语,少女时代,,《少女时代》
288,ラブレター,,D,日语,YOASOBI,D→G→G#,
289,After All ～綴る想い～ (Instrumental),,D,纯音乐,,,
290,Dear Childhood friend,,D,纯音乐,,D→E,
291,Lengsel - Eternal Mind -,,D,纯音乐,,,
292,RETURN PATH,,D,纯音乐,,,
293,Summer,,D,纯音乐,,,
294,Theme -ダメな私に恋してください-,,D,纯音乐,,,
295,With An Orchid,,D,纯音乐,,,
296,WORKING!!,,D,纯音乐,,,《魔法使之夜》BGM
297,おかえりなさいませ!アーサー様,,D,纯音乐,,D→G,
298,曇りのち晴れ,くもりのちはれ,D,纯音乐,,,
299,東風,こち,D,纯音乐,,,
300,対決のテーマ,,D,纯音乐,,,
301,爱啦啦,,D#,国语,海楠,,
302,把悲伤留给自己,,D,国语,陈升,,
303,百姓的事儿牵着走,,D#,国语,戴娆,,
304,北京北京,,D#,国语,汪峰,,
305,布拉格广场,,D#,国语,蔡依林&周杰伦,,
306,曾经心痛,,D#,国语,叶倩文,,
307,长相依,,D#,国语,刘丽丽,,
308,超有感,,D#,国语,黄鸿升,,
309,二十年后再相会,,F,国语,殷秀梅&戴玉强,,
310,恭喜发财,,D#,国语,卓依婷,,
311,故乡的云,,D#,国语,费翔,,
312,好一朵茉莉花,,D#,国语,宋祖英,,好一朵茉莉花
313,红旗飘飘,,D#,国语,孙楠,,
314,后来,,D#,国语,刘若英,,
315,呼唤,,D#,国语,汤灿,,《大长今》主题曲
316,糊涂的爱,,D#,国语,王志文&江珊,,
317,欢天喜地,,D#,国语,韩旭,,
318,回忆的阁楼,,D#,国语,郭静,,
319,寂寞让我如此美丽,,D#,国语,陈明,D#→F→G#→F,
320,酒醉的探戈,,D#,国语,邓丽君,,
321,蓝莲花,,D#,国语,许巍,,
322,楼兰姑娘,,D#,国语,俞静,,
323,绿光,,D#,国语,孙燕姿,,
324,难以抗拒你容颜,,D#,国语,张信哲,,
325,女人花,,D#,国语,梅艳芳,,
326,诺言,,D#,国语,毛阿敏,,
327,七里香,,D#,国语,周杰伦,,
328,起风了,,D#,国语,吴青峰,,
329,轻轻的告诉你,,D#,国语,杨钰莹,,
330,让她降落,,D#,国语,何璐,,
331,让我们荡起双桨,,D#,国语,,,
332,弱水三千,,D#,国语,周传雄,,
333,纤夫的爱,,D#,国语,尹相杰&于文华,,
334,三百六十五个祝福,,D#,国语,蔡国庆,D#→E,
335,天路,,D#,国语,韩红,,
336,铁齿铜牙纪晓岚,,D#,国语,戴娆,,《铁齿铜牙纪晓岚》ED
337,通天大道宽又阔,,D#,国语,三叶草合唱组,,
338,突然想起你,,D#,国语,萧亚轩,,
339,为你,,D#,国语,陈明,,
340,稳稳的幸福,,D#,国语,陈奕迅,,
341,我不想说,,D#,国语,杨钰莹,,
342,我的梦,,D#,国语,张靓颖,,
343,我像雪花天上来,,D#,国语,阎维文,,
344,希望,,D#,国语,陈慧琳,,《大长今》ED
345,想说爱你不容易,,D#,国语,王志文,,
346,新贵妃醉酒,,D#,国语,李玉刚,,
347,羞答答的玫瑰静悄悄地开,,D#,国语,孟庭苇,,
348,雪花,,D#,国语,凯璐凯玥,,
349,亚洲雄风,,D#,国语,韦唯&刘欢,D#→A#,
350,要嫁就嫁灰太狼,,D#,国语,周艳泓,,
351,远方的客人请你留下来,,D#,国语,宋祖英,,
352,一万个理由,,D#,国语,郑源,,
353,永远永远,,D#,国语,李翊君,D#→E,《风云-雄霸天下》ED
354,再遇见,,D#,国语,苏打绿,,
355,在梦中,,D#,国语,彭丽丽,,
356,知道不知道,,D#,国语,刘若英,D#→G#,
357,走过咖啡屋,,D#,国语,千百惠,,
358,After All ～綴る想い～,,D#,日语,上原れな,,
359,Apologize,,D#,英语,OneRepublic,,
360,Demons,,D#,英语,Imagine Dragons,,
361,Dream It Possible,,D#,英语,Delacey,,华为手机铃声
362,Long Lost Penpal,,D#,英语,,,
363,Million of Bravery,,D#,英语,,,《扩散性百万亚瑟王》主题曲
364,My All,,D#,英语,浜崎あゆみ,,
365,My Sweet Shelter,,D#,英语,,,《我们大家的河合庄》ED
366,Nevada,,D#,英语,,,
367,Rage Your Dream,,D#,外语,,,《头文字D》ED
368,reunion,,D#,日语,ClariS,,
369,Rolling In The Deep,,D#,外语,Adele,,
370,Scarborough Fair,,D#,外语,Hayley Westenra,,
371,Trouble Is A Friend,,D#,外语,Lenka,,
372,Weight of the World/壊レタ世界ノ歌,,D#,日语,河野マリナ,,
373,You're Beautiful,,D#,外语,James Blunt,,
374,You Should Get Over Me,,D#,外语,Jessica Wolff,,
375,ウラオモテ・フォーチュン,,D#,日语,,,《月刊少女野崎君》ED
376,おジャ魔女カーニバル!!,,D#,日语,,,
377,君にふれて,,D#,日语,安月名莉子,,《终将成为你》OP
378,コネクト,,D#,日语,ClariS,F→F#→D#→F#,以 F 调副歌开始
379,残酷な天使のテーゼ,,D#,日语,高橋洋子,,
380,ハレ晴レユカイ,,D#,日语,平野綾,,
381,瞳をとじて,,D#,日语,平井堅,,
382,回レ! 雪月花,,D#,日语,,,
383,ロマンティックあげるよ,,D#,日语,,,
384,夜に駆ける,,D#,日语,YOASOBI,D#→D→F,
385,もう少しだけ,,D#,日语,YOASOBI,D#→E,
386,Cocoon,,D#,纯音乐,,,
387,Ephemeral Entity,,D#,纯音乐,,D#→E→F#,
388,hometown,,D#,纯音乐,まももP,,
389,The Magnificent Seven,,D#,纯音乐,,,
390,运动员进行曲,,D#,纯音乐,,,
391,殻ノ少女,からのしょうじょ,D#,纯音乐,,,
392,恋におちたら image version,,D#,纯音乐,,,
393,風のとおり道,,D#,纯音乐,,,
394,夏影,なつかげ,D#,纯音乐,,,
395,ほどほどの栄光あれ,,D#,纯音乐,,,
396,Happy Baby,,E,国语,青春美少女,,
397,阿里山的姑娘,,E,国语,李娜,,
398,爱如空气,,E,国语,孙俪,,
399,爱如潮水,,E,国语,张信哲,,
400,爱我中华,,E,国语,宋祖英,,
401,北极雪,,E,国语,周传雄&陈慧琳,,
402,冰菊物语,,E,国语,李宇春,E→G,
403,曾经的你,,E,国语,许巍,,
404,传奇,,E,国语,王菲,,
405,扯,,E,国语,周杰伦,,
406,春风十里,,E,国语,鹿先森乐队,,
407,春天里,,E,国语,汪峰,,
408,单身情歌,,E,国语,林志炫,E→F,
409,董小姐,,E,国语,宋东野,,
410,父亲,,E,国语,筷子兄弟,,
411,光辉岁月,,E,国语,BEYOND,,
412,画心,,E,国语,张靓颖,,
413,家园,,E,国语,刘欢&宋祖英,E→G→A,《闯关东》ED
414,可爱的一朵玫瑰花,,E,国语,吕继宏,,
415,恋曲1990,,E,国语,罗大佑,,
416,美丽的姑娘,,E,国语,蒋大为,,
417,明明白白我的心,,E,国语,陈淑桦&成龙,,
418,茉莉花,,E,国语,宋祖英,,好一朵美丽的茉莉花
419,那个女孩,,E,国语,陶喆&卢广仲,,
420,你走你的路,,E,国语,江淑娜&何继民,,
421,漂浮地铁,,E,国语,李宇春,,
422,牵挂你的人是我,,E,国语,高林生,,
423,青藏高原,,E,国语,韩红,,
424,清风徐来,,E,国语,王菲,,
425,生生世世爱,,E,国语,吴雨霏,,
426,实心汉子,,E,国语,韩磊,,
427,水中花,,E,国语,谭咏麟,,
428,桃花朵朵开,,E,国语,阿牛,,
429,透过开满鲜花的月亮,,E,国语,林依轮,,
430,突然想爱你,,E,国语,许茹芸,E→F#,
431,晚霞中的红蜻蜓,,E,国语,杨钰莹,,
432,我怀念的,,E,国语,孙燕姿,,
433,我只在乎你,,E,国语,邓丽君,,
434,我悄悄地蒙上你的眼睛,,E,国语,毛宁&杨钰莹,,
435,舞娘,,E,国语,蔡依林,,
436,夕阳红,,E,国语,佟铁鑫,,
437,像风一样自由,,E,国语,许巍,,
438,想你的夜,,E,国语,关喆,,
439,鞋子特大号,,E,国语,周杰伦,,
440,样样红,,E,国语,黄安,,
441,一场雨落下来要用多久,,E,国语,鹿先森乐队,,
442,一个师傅仨徒弟,,E,国语,,,
443,一个像夏天一个像秋天,,E,国语,范玮琪,E→F,
444,永远的奥特曼,,E,国语,line,,《迪迦奥特曼》中文结尾曲
445,有点甜,,E,国语,汪苏泷,,
446,月,,E,国语,好妹妹,,
447,约定,,E,国语,周蕙,,
448,在那东山顶上,,E,国语,谭晶,,
449,至少还有你,,E,国语,林忆莲,,
450,终于等到你,,E,国语,张靓颖,,
451,追梦人,,E,国语,凤飞飞,,
452,走四方,,E,国语,韩磊,,
453,遗憾,,E,国语,许美静,,
454,adrenaline!!!,,E,日语,TrySail,E→G,
455,Barbie Girl,,E,外语,Aqua,,
456,BEAUTIFUL DAYS,,E,日语,,,
457,Butter-Fly,,E,日语,和田光司,,
458,Can't Wait,,E,外语,,E→G,
459,Counting Stars,,E,外语,OneRepublic,,
460,Die Young,,E,外语,Kesha,,
461,Fly Away,,E,外语,TheFatRat,,
462,Gee,,E,外语,少女时代,,
463,Hello Mr.my yesterday,,E,日语,Hundred Percent Free,,
464,I Just Wanna Run,,E,外语,,,
465,I wish,,E,日语,前田愛,,《数码宝贝》ED
466,irony,,E,日语,ClariS,,《我的妹妹哪有这么可爱》OP
467,Letting Go,,E,外语,Jo De La Rosa,,
468,Innocence,,E,日语,藍井エイル,,《刀剑神域》OP
469,Messy Girl,,E,外语,Morri3on,,
470,MR.RAINDROP,,E,英语,,,
471,My Heart Will Go On,,E,外语,,,
472,PLANET,,E,日语,ラムジ,,
473,PONPONPON,,E,日语,竹村桐子,,
474,Secret,,E,日语,茶太,,
475,Shiny tale,,E,外语,,,《男子高中生的日常》OP
476,STYX HELIX,,E,外语,,,《Re:从零开始异世界生活》ED
477,Tell the World,,E,外语,Eric Hutchinson,,
478,The One That Got Away,,E,外语,Katy Perry,,
479,ultra soul,,E,日语,B’z,,
480,UNDER THE BLUE SKY,,E,外语,,,
481,We Don't Talk Anymore,,E,外语,,,
482,What Makes You Beautiful,,E,外语,,,
483,思い出は億千万,,E,日语,,,
484,歌に形はないけれど,,E,日语,花たん,E→F#,
485,おちゃめ機能,,E,日语,初音ミク,,
486,可愛くなりたい,,E,日语,雨宫天,E→F,
487,恋は渾沌の隷也,こいはこんとんのしもべなり,E,日语,,,《潜行吧！奈亚子》OP
488,届かない恋,,E,日语,米澤円,,
489,同窓会,どうそうかい,E,日语,,,
490,白金ディスコ,,E,日语,井口裕香,E→F#,
491,ハナミズキ,,E,日语,,,
492,二言目,,E,日语,,,
493,冒険でしょでしょ？,,E,日语,平野綾,,
494,僕らは今のなかで,,E,日语,,,
495,恋愛サーキュレーション,,E,日语,花澤香菜,,
496,リライト,,E,日语,,,《钢之炼金术师》OP
497,Fly Away,,E,纯音乐,TheFatRat,,
498,Like a dog,,E,纯音乐,,,
499,Monody,,E,纯音乐,TheFatRat,,
500,The Legend,,E,纯音乐,,,
501,雏菊,,E,纯音乐,,,《雏菊》主题曲
502,想いの寄り方は不均一,,E,纯音乐,,,
503,風の少年,,E,纯音乐,,,
504,きっとまたいつか (Album Version),,E,纯音乐,,,
505,阿拉木汗,,F,国语,殷秀梅&戴玉强,,
506,爱情转移,,F,国语,陈奕迅,,
507,爱 因为在心中,,F,国语,王力宏,F→C,
508,爱的主打歌,,F,国语,萧亚轩,,
509,暗香,,F,国语,沙宝亮,,
510,敖包相会,,F,国语,蒋大为,,
511,草原之夜,,F,国语,蒋大为,,
512,潮湿的心,,F,国语,甘萍,,
513,窗外,,F,国语,李琛,,
514,春水流,,F,国语,黄格选,,
515,大风车,,F,国语,,,
516,大中国,,F,国语,高枫,,
517,稻草人,,F,国语,林志颖,,
518,得意洋洋,,F,国语,方芳,,
519,等你爱我,,F,国语,陈明,,
520,飞天,,F,国语,含笑,,
521,风雨彩虹铿锵玫瑰,,F,国语,田震,,
522,海阔天空,,F,国语,BEYOND,,
523,好日子,,F,国语,宋祖英,,
524,好想你,,F,国语,朱主爱,,
525,红星照我去战斗,,F,国语,李双江,,
526,花满天,,F,国语,刘航,,
527,回家的人,,F,国语,江涛,F→G#,
528,火火的歌谣,,F,国语,林依轮,,
529,霍元甲,,F,国语,周杰伦,,
530,江山无限,,F,国语,屠洪刚,,
531,看我72变,,F,国语,蔡依林,,
532,辣妹子,,F,国语,宋祖英,,
533,恋人未满,,F,国语,S.H.E,,
534,马铃儿响来玉鸟儿唱,,F,国语,胡松华&杜丽华,,
535,那些年,,F,国语,胡夏,,
536,你怎么说,,F,国语,邓丽君,,
537,如果也许,,F,国语,梁欢,,
538,三套车,,F,国语,蒋大为,,
539,珊瑚颂,,F,国语,宋祖英,,
540,生命的挑战,,F,国语,水木年华,,
541,天堂,,F,国语,腾格尔,,
542,晚秋,,F,国语,毛宁,,
543,我的祖国,,F,国语,宋祖英,,
544,我听过你的歌,,F,国语,王焱&何影,,
545,我悄悄地蒙上你的眼睛,,F,国语,王志文&江珊,,
546,无地自容,,F,国语,黑豹乐队,,
547,逍遥游,,F,国语,吴佳明,,《东游记》主题曲
548,烟花三月,,F,国语,吴涤清,,
549,一路顺风,,F,国语,吴奇隆,,
550,一路向北,,F,国语,周杰伦,,
551,因为爱情,,F,国语,陈奕迅&王菲,,
552,绽放爱,,F,国语,潘辰,,
553,长大后我就成了你,,F,国语,宋祖英,,
554,这个年纪,,F,国语,齐一,,
555,拯救,,F,国语,孙楠,,
556,祝你一路顺风,,F,国语,吴奇隆,,
557,最后的倾诉,,F,国语,韩磊,,
558,情人,,F,国语,刀郎,,
559,Angelina,,F,外语,Lou Bega,,
560,Be What You Wanna Be,,F,外语,,,
561,crossing field,,F,日语,,,《刀剑神域》OP
562,Bad Day,,D#,外语,Daniel Powter,,
563,Happiness,,F,外语,,,
564,Letter Song,,F,日语,,,
565,Misty Mystery,,F,日语,GARNET CROW,,《名侦探柯南》OP
566,Shape of You,,F,外语,,,
567,Special¨ONE,,F,日语,ELISA,F→G#,
568,アクアテラリウム,,F,日语,やなぎなぎ,F→D,
569,色は匂へど散りぬるを,,F,日语,,(A#),
570,美しき残酷な世界,,F,日语,日笠陽子,,《进击的巨人》ED
571,カラフル。,,F,日语,沢井美空,,
572,君色に染まる,,F,日语,,,
573,さよならのこと,,F,日语,上原れな,,《白色相簿2》ED
574,漆黒に踊る弧濁覇王節,しっこくにおどるこどくはおうせつ,F,日语,ZAQ,,
575,千本桜,,F,日语,初音ミク,F→G,
576,镇命歌 -しずめうた-,,F,日语,瀧沢一留,,
577,となりのトトロ,,F,日语,,F→F#,
578,ナツコイ,,F,日语,,,
579,春よ、来い,,F,日语,,,
580,僕じゃない,,F,日语,angela,,
581,メタメリズム,,F,日语,伊藤かな恵,,《侵略！乌贼娘》ED
582,End Credits,,F,纯音乐,,,《加勒比海盗》主题曲
583,Nanaticia 夜空,,F,纯音乐,,,
584,Ring Ring Ring!,,F,纯音乐,,,
585,Panda Po,,F,纯音乐,,,
586,The Sun Also Rises,,F,纯音乐,,,
587,wings,,F,纯音乐,,,
588,楚天谣,,F,纯音乐,,,
589,雨のち想い出,,F,纯音乐,,,
590,いつも何度でも,,F,纯音乐,,,
591,いつもの風景から始まる物語,,F,纯音乐,,F→D→G,
592,風焔,かぜほむら,F,纯音乐,,,
593,フンフンフン♪だよ、らき☆すた,,F,纯音乐,,,
594,プック村,,F,纯音乐,,,
595,魔法使いの夜～メインテーマ,,F,纯音乐,,,
596,High歌,,F#,国语,黄龄,,
597,奔跑,,F#,国语,羽·泉,F#→G,
598,不要跟他说,,F#,国语,张信哲,,
599,错错错,,F#,国语,六哲,,
600,独家记忆,,F#,国语,陈小春,,
601,跟着感觉走,,F#,国语,苏芮,,
602,给我感觉,,F#,国语,张惠妹,,
603,立秋,,F#,国语,筠子,,
604,没离开过,,F#,国语,林志炫,,
605,没那么简单,,F#,国语,黄小琥,,
606,青花,,F#,国语,周传雄,,
607,伤心太平洋,,F#,国语,任贤齐,,
608,童话,,F#,国语,光良,F#→G#→A#,
609,忘记时间,,F#,国语,胡歌,,
610,吻别,,F#,国语,张学友,,
611,我的歌声里,,F#,国语,曲婉婷,F#→G#,
612,我和上官燕,,F#,国语,赵薇,,
613,逍遥,,F#,国语,霍建华,F#→G,
614,新不了情,,F#,国语,张靓颖,,
615,星语心愿,,F#,国语,张柏芝,,
616,行酒令,,F#,国语,王焱&尹相杰,,
617,学猫叫,,F#,国语,小潘潘,,
618,痒,,F#,国语,黄龄,,
619,有何不可,,F#,国语,许嵩,,
620,再见,,F#,国语,张震岳,,
621,在梅边,,F#,国语,王力宏,,
622,只要有你,,F#,国语,孙楠&那英,,
623,真实,,F#,国语,张惠妹,F#→G,
624,中华民谣,,F#,国语,孙浩,,
625,祝福祖国,,F#,国语,汤灿,,都说你的花朵真红火
626,最远的你是我最近的爱,,F#,国语,车继铃,,
627,Amazing Grace,,F#,外语,,,
628,Bad Apple,,F#,外语,,F#→G,
629,Beat It,,F#,外语,,,
630,Caramelldansen,,F#,外语,扭腰歌,,
631,EXEC_COSMOFLIPS/.,,F#,外语,KOKIA,,
632,Freely Tomorrow,,F#,日语,初音ミク,,
633,Girls,,F#,外语,MARiA,,
634,Grow Slowly,,F#,日语,井口裕香,F#→G,
635,Hello Goodbye & hello,,F#,日语,熊木杏里,,
636,HIGH POWERED,,F#,日语,Sphere,(D#)→F#→D#,《侵略！乌贼娘》OP
637,Myself;Yourself,,F#,日语,,,
638,Secret Base ~君がくれたもの~,,F#,日语,,,
639,Still Alive,,F#,外语,Lisa Miskovsky,,游戏《镜之边缘》主题曲
640,Take Me To Your Heart,,F#,外语,Michael Learns To Rock,,
641,The Sore Feet Song,,F#,外语,,F#→B,
642,The Sound of Silence,,F#,外语,,,
643,Wherever You Go,,F#,外语,A Rocket to the Moon,,
644,打上花火,,F#,日语,,,
645,君をのせて,,F#,日语,,,
646,きよしのズンドコ節,,F#,日语,,,
647,初恋,,F#,日语,奥華子,,
648,もっと,,F#,日语,,,《请与废柴的我谈恋爱》ED
649,優しさの理由,,F#,日语,,,
650,リンクス,,F#,日语,,,
651,Annie's Wonderland,,F#,纯音乐,,,
652,Theme of SSS,,F#,纯音乐,,,
653,The First Snowflakes,,F#,纯音乐,,,
654,綺麗で儚いもの,,F#,纯音乐,,,
655,空に光る,,F#,纯音乐,,,
656,2002年的第一场雪,,G,国语,刀郎,,
657,爱江山更爱美人,,G,国语,李丽芬,,
658,爱我的人和我爱的人,,G,国语,裘海正,,
659,爱情鸟,,G,国语,林依轮,,
660,霸王别姬,,G,国语,屠洪刚,,
661,倍儿爽,,G,国语,大张伟,,
662,边界1999,,G,国语,许美静,,
663,冰糖葫芦,,G,国语,冯晓泉,,
664,卜卦,,G,国语,崔子格,,
665,不能说的秘密,,G,国语,周杰伦,,
666,达坂城的姑娘,,G,国语,蒋大为,,
667,胆小鬼,,G,国语,梁咏琪,,
668,到哪里找那么好的人,,G,国语,陈明真,,
669,丁香花,,G,国语,唐磊,,
670,东风破,,G,国语,周杰伦,G→G#,
671,独上西楼,,G,国语,邓丽君,G→G#,
672,渡情,,G,国语,左宏元&张慧清,,
673,发现,,G,国语,赵薇,,
674,浮夸,,G,国语,陈奕迅,G→E,
675,敢问路在何方,,G,国语,蒋大为,,
676,何日君再来,,G,国语,邓丽君,,
677,鸿雁,,G,国语,呼斯楞,G→G#,
678,花心,,G,国语,周华健,,
679,花好月圆,,G,国语,刁寒,,
680,花火,,G,国语,梁咏琪,,
681,回到拉萨,,G,国语,郑钧,,
682,会呼吸的痛,,G,国语,梁静茹,,
683,火车快开,,G,国语,二手玫瑰,,
684,寂寞沙洲冷,,G,国语,周传雄,,
685,记事本,,G,国语,陈慧琳,,
686,快乐崇拜,,G,国语,张韶涵&潘玮柏,,
687,离歌,,G,国语,信乐团,,
688,连锁反应,,G,国语,林珊珊,,
689,两只蝴蝶,,G,国语,庞龙,,
690,牡丹之歌,,G,国语,蒋大为,,
691,那些花儿,,G,国语,朴树,,
692,难忘今宵,,G,国语,李谷一,,
693,你住在我心里的原因,,G,国语,鹿先森乐队,,
694,年轻的朋友来相会,,G,国语,张振富&耿莲凤,,
695,挪威的森林,,G,国语,伍佰,,
696,怕黑的女人,,G,国语,田震,,
697,朋友,,G,国语,周华健,,
698,朋友,,G,国语,臧天朔,,
699,偏偏喜欢你,,G,国语,陈百强,,
700,千万次的问,,G,国语,刘欢,,
701,晴天,,G,国语,周杰伦,,
702,秋天不回来,,G,国语,王强,,
703,绒花,,G,国语,李谷一,,
704,十五的月亮,,G,国语,蒋大为,,
705,十月围城,,G,国语,李晋,,
706,双侠,,G,国语,无极生,,
707,水手,,G,国语,郑智化,,
708,岁月神偷,,G,国语,金玟岐,,
709,随它吧,,G,国语,姚贝娜,,
710,驼铃,,G,国语,蒋大为,,
711,外婆的澎湖湾,,G,国语,潘安邦,,
712,雾里看花,,G,国语,那英,,
713,我爱祖国的蓝天,,G,国语,张明敏,,
714,我的眼里只有你,,G,国语,景岗山,,
715,我热恋的故乡,,G,国语,李娜,,
716,我是不是你最疼爱的人,,G,国语,潘越云,,
717,我真的受伤了,,G,国语,张学友,,
718,像青春一样怒放,,G,国语,水木年华,,
719,小半,,G,国语,陈粒,,
720,谢谢你的爱,,G,国语,刘德华,,
721,信仰,,G,国语,张信哲,,
722,夜玫瑰,,G,国语,陈明,,
723,一封家书,,G,国语,李春波,,
724,一起摇摆,,G,国语,汪峰,,
725,驿动的心,,G,国语,姜育恒,,
726,义勇军进行曲,,G,国语,,,
727,用心良苦,,G,国语,张宇,,
728,拥抱你离去,,G,国语,张北北,,
729,雨一直下,,G,国语,张宇,,
730,远情,,G,国语,谭晶,,
731,月圆花好,,G,国语,龚玥,,
732,再回首,,G,国语,姜育恒,,
733,在那桃花盛开的地方,,G,国语,蒋大为,,
734,中国功夫,,G,国语,屠洪刚,,
735,终于明白,,G,国语,动力火车,,《仙剑奇侠传》ED
736,执着,,G,国语,田震,,
737,走天涯,,G,国语,降央卓玛,,
738,最熟悉的陌生人,,G,国语,萧亚轩,,
739,世界上的另一个我,,G,国语,郭采洁&阿肆,,
740,aLIEz,,G,外语,,,《ALDNOAH.ZERO》ED
741,Call Me Maybe,,G,外语,,,
742,Can't Take My Eyes Off You,,G,外语,少女时代,,
743,Girl In The Mirror,,G,外语,,,
744,Going Home,,G,外语,,,
745,Cut,,G,外语,,,《吸血鬼日记》BGM
746,Happiness,,G,外语,,,《符文工厂2》主题曲
747,Hero,,G,外语,Enrique lglesias,,
748,I Gotta Feeling,,G,外语,Black Eyed Peas,,
749,I Hate Myself For Loving You,,G,外语,,,
750,Let It Go,,G,外语,Demi Lovato,,
751,oath sign,,G,外语,LiSA,G→A,《Fate/Zero》OP
752,Schnappi,,G,外语,,,
753,START:DASH!!,,G,外语,,,
754,sweets parade,,G,外语,花澤香菜,,《妖狐×仆SS》ED
755,Teenage Life,,G,外语,Daz Sampson,,
756,Tonight I Wanna Cry,,G,外语,,,
757,U Make Me Wanna,,G,外语,,,
758,大きな金魚の樹の下で,,G,日语,,,
759,キミの花,,G,日语,,,《清恋》OP
760,银の意志、金の翼,ぎんのいし、きんのつばさ,G,日语,小寺可南子,,《空之轨迹》OVA
761,粉雪,こなゆき,G,日语,Remioromen,,
762,世界は恋に落ちている,,G,日语,,,
763,桃源恋歌,とうげんれんか,G,日语,,,
764,月が泣いてる,,G,日语,つじあやの,,
765,はじまりの朝,,G,纯音乐,,,
766,Battle Without Honor Or Humanity,,G,纯音乐,,,《杀死比尔》BGM
767,Bliss,,G,纯音乐,,,《寄生兽》BGM
768,Departure,,G,纯音乐,片手☆SIZE,,
769,heaven sunshine,,G,纯音乐,Foxtail-Grass Studio,,
770,innocence,,G,纯音乐,,,《魔法使之夜》BGM
771,It's Going to be The Special,,G,纯音乐,,,
772,Never too late,,G,纯音乐,,,
773,Nightingale,,G,纯音乐,,,
774,Unity,,G,纯音乐,TheFatRat,,
775,北岸,,G,纯音乐,,,
776,君自兰芳,,G,纯音乐,,,
777,青石巷,,G,纯音乐,,G→E→A,
778,维京之风,,G,纯音乐,,,
779,いつまでも君と,,G,纯音乐,,,《魔法使之夜》BGM
780,陰鬱な屋敷,いんうつなやしき,G,纯音乐,,,
781,海の見える街,,G,纯音乐,,G→D,《魔女宅急便》BGM
782,それは風のように,,G,纯音乐,,,
783,男子高校生と愉快な仲間,,G,纯音乐,,,
784,千尋のワルツ,,G,纯音乐,,,
785,てってって～,,G,纯音乐,,,
786,常盤台女子寮,,G,纯音乐,,,
787,時計はまわる,,G,纯音乐,,,
788,ハナノイロ,,G,纯音乐,,,《花开伊吕波》OP
789,奉仕部活動日誌 01,,G,纯音乐,,,
790,昔の友人が変わらずにいるというのも悪くないものだな…,,G,纯音乐,,,
791,沸き上がる闘志,わきあがるとうし,G,纯音乐,,,
792,爱的奉献,,G#,国语,韦唯,,
793,敖包相会,,G#,国语,云飞&于文华,G#→C#,
794,别问我是谁,,G#,国语,王馨平,,
795,不得不爱,,G#,国语,潘玮柏&弦子,,
796,此生不换,,G#,国语,青鸟飞鱼,,
797,大花轿,,G#,国语,火风,,
798,当,,G#,国语,动力火车,,
799,等你下课,,G#,国语,周杰伦,,
800,鼓楼,,G#,国语,赵雷,,
801,蓝色土耳其,,G#,国语,周传雄,,
802,离不开你,,G#,国语,黄绮珊,,
803,浏阳河,,G#,国语,宋祖英,,
804,梦醒时分,,G#,国语,陈淑桦,,
805,那一天,,G#,国语,杨坤,,
806,南屏晚钟,,G#,国语,蔡琴/徐小凤,,
807,恰似你的温柔,,G#,国语,邓丽君,,
808,千年等一回,,G#,国语,高胜美,,
809,如果这就是爱情,,G#,国语,张靓颖,,
810,十年,,G#,国语,陈奕迅,,
811,谁的眼泪在飞,,G#,国语,孟庭苇,,
812,特别的爱给特别的你,,G#,国语,伍思凯,,
813,为爱痴狂,,G#,国语,刘若英,,
814,无愧于心,,G#,国语,孙楠,,
815,弯弯的月亮,,G#,国语,刘欢,G#→A,
816,新鸳鸯蝴蝶梦,,G#,国语,黄安,,
817,心太软,,G#,国语,任贤齐,,
818,夜来香,,G#,国语,邓丽君,,
819,夜曲,,G#,国语,周杰伦,,
820,一生离不开的是你,,G#,国语,黄鹤翔&冰玉,,
821,越来越好,,G#,国语,宋祖英,,
822,遇见,,G#,国语,张靓颖,,
823,天空,,G#,国语,蓝心羽&傅如乔,,
824,可可托海的牧羊人,,G#,国语,王琪,,
825,Dear my friend -まだ見ぬ未来へ-,,G#,日语,ELISA,G#→E,
826,"Don't Say ""Lazy""",,G#,日语,日笠陽子,,
827,Happy,,G#,外语,Pharrell Williams,,《神偷奶爸2》BGM
828,Lemon Tree,,G#,外语,Fool's Garden,,
829,Magia,,G#,外语,Kalafina,G#→D#→F,
830,Опера 2,,G#,外语,,,《歌剧2》
831,One More Night,,G#,外语,Maroon 5,,
832,Overfly,,G#,外语,春奈るな,,《刀剑神域》ED
833,Ring Ding Dong,,G#,外语,,,《杀马特遇见洗剪吹》
834,Sister's Noise,,G#,外语,fripside,G#→F→G→G#,
835,Stayin' Alive,,G#,外语,,,
836,tear drops,,G#,外语,Caos Caos Caos,,《名侦探柯南》OP
837,The magic key,,G#,外语,One-T,,
838,Viva La Vida,,G#,外语,,,
839,WHITE ALBUM,,G#,外语,米澤円,,
840,You Are My Sunshine,,G#,外语,Angelika Vee,,
841,境界の彼方,きょうかいのかなた,G#,日语,,,
842,だんご大家族,,G#,日语,茶太,,
843,初音ミクの消失,,G#,日语,初音ミク,,
844,バラライカ,,G#,日语,久住小春,,《花样明星》OP
845,星を辿れば,ほしをたどれば,G#,日语,,,
846,ルカルカ✩ナイトフィーバー,,G#,日语,,,
847,瑠璃の鳥,るりのとり,G#,日语,霜月はるか,,
848,ワールドイズマイン,,G#,日语,世界第一的公主殿下,,
849,Childhood Memory,,G#,纯音乐,Bandari,,
850,彼女の本気,,G#,纯音乐,,G#→A→F→G#,
851,騎士王の誇り,,G#,纯音乐,,,
852,新・名探偵コナン メイン・テーマ(Sax),,G#,纯音乐,,,
853,邪悪な都市,,G#,纯音乐,,,
854,ひだまりの郷,,G#,纯音乐,,,
855,有意義な時間の過ごし方,,G#,纯音乐,,G#→(A)→B,
856,Shero,,A,国语,S.H.E,,
857,安全感,,A,国语,S.H.E,,
858,比我幸福,,A,国语,陈晓东,,
859,草原上升起不落的太阳,,A,国语,蒋大为,,
860,稻香,,A,国语,周杰伦,,
861,懂你,,A,国语,满文军,,
862,动起来,,A,国语,郭富城,,
863,飞得更高,,A,国语,汪峰,,
864,告诉我,,A,国语,刘文正,,
865,跟你走天涯,,A,国语,尹相杰&于文华,,
866,活着,,A,国语,郝云,,
867,今天你要嫁给我,,A,国语,陶喆&蔡依林,,
868,九妹,,A,国语,黄鹤翔,,
869,九月九的酒,,A,国语,阎屹,,
870,精忠报国,,A,国语,屠洪刚,,
871,骏马奔驰保边疆,,A,国语,蒋大为,,
872,开门红,,A,国语,火风&汤灿,,
873,笼外的鸟,,A,国语,贾南,,
874,龙卷风,,A,国语,周杰伦,,
875,美丽的草原我的家,,A,国语,德德玛,,
876,你走吧,,A,国语,周艳泓,,
877,如果云知道,,A,国语,许茹芸,,
878,朋友的酒,,A,国语,李晓杰,,
879,偏爱,,A,国语,张芸京,,
880,平凡之路,,A,国语,朴树,,
881,跑马溜溜的山上,,A,国语,蒋大为,,
882,青花瓷,,A,国语,周杰伦,A→A#,
883,奇迹再现,,A,国语,毛华锋,A→E,《迪迦奥特曼》中文主题曲
884,生如夏花,,A,国语,朴树,,
885,守月亮,,A,国语,吴涤清,,
886,涛声依旧,,A,国语,毛宁,,
887,童年,,A,国语,罗大佑,,
888,他一定很爱你,,A,国语,阿杜,,
889,踏春,,A,国语,姚晔,,
890,天不下雨天不刮风天上有太阳,,A,国语,尹相杰&于文华,,
891,天后,,A,国语,陈势安,,
892,天涯,,A,国语,任贤齐,,《笑傲江湖》ED
893,王妃,,A,国语,萧敬腾,,
894,我好想你,,A,国语,苏打绿,,
895,乌苏里船歌,,A,国语,蒋大为,,
896,仙剑问情,,A,国语,萧人凤,,
897,向天再借五百年,,A,国语,韩磊,,
898,笑脸,,A,国语,谢东,,
899,小背篓,,A,国语,宋祖英,,
900,一剪梅,,A,国语,费玉清,,
901,一生有你,,A,国语,水木年华,,
902,愿得一人心,,A,国语,李行亮,,
903,原来你也在这里,,A,国语,刘若英,,
904,知心爱人,,A,国语,任静&付笛声,,
905,追梦赤子心,,A,国语,GALA,,
906,最美,,A,国语,羽·泉,,
907,杀破狼,,A,国语,JS,,
908,18,,A,外语,One Direction,,
909,Catch My Breath,,A,外语,Kelly Clarkson,,
910,Lady Melody,,A,外语,,,
911,Mysterious Eyes,,A,外语,,,《名侦探柯南》OP
912,One more time one more chance,,A,外语,山崎まさよし,A→C,
913,Rain,,A,外语,秦基博,A→F#→A,《言叶之庭》ED
914,Raindrops,,A,外语,Eliane,,
915,Someone Like You,,A,外语,Adele,,
916,あいぞめ,,A,日语,,,《地狱少女》ED
917,悪女,あくじょ,A,日语,米澤円,,
918,あさき、ゆめみし,,A,日语,瀧沢一留,,
919,いつもこの場所で,,A,日语,彩音,,
920,いけないボーダーライン,,A,日语,,,
921,運命のルーレット廻して,,A,日语,坂井泉水,,
922,君の知らない物語,,A,日语,supercell,,
923,キャンディパウダー,,A,日语,,,
924,極楽浄土,ごくらくじょうど,A,日语,GARNiDELiA,,
925,世界に一つだけの花,,A,日语,SMAP,,
926,月灯りふんわり落ちてくる夜,,A,日语,やなぎなぎ,,
927,無くした日々にさよなら,,A,日语,スネオヘアー,,《在下坂本，有何贵干？》 ED
928,フリージア,,A,日语,Uru,,
929,ブルーバード,,A,日语,いきものがかり,,《青鸟》
930,みちしるべ,,A,日语,茅原実里,,《紫罗兰永恒花园》ED
931,みんなみくみくにしてあげる♪,,A,日语,初音ミク,,
932,女々しくて,,A,日语,鬼龍院翔,,
933,아리랑,,A,外语,,,《阿里郎》
934,Ievan Polkka,,A,纯音乐,甩葱歌,,
935,Rhythm of port town,,A,纯音乐,,,
936,River Flows in You,,A,纯音乐,,,
937,黒き狼の伝承,,A,纯音乐,,,
938,スローライフに憧れて,,A,纯音乐,,,
939,爱的初体验,,A#,国语,任贤齐,#A→G,
940,北方,,A#,国语,倪健,,
941,不想长大,,A#,国语,S.H.E,,
942,城里的月光,,A#,国语,许美静,,
943,当我们一次走过,,A#,国语,苏打绿,,
944,冬至,,A#,国语,筠子,A#→B,
945,儿时,,A#,国语,刘昊霖,,
946,国际歌,,A#,国语,,,
947,坏感觉,,A#,国语,周传雄,,
948,黄昏,,A#,国语,周传雄,,
949,江南,,A#,国语,林俊杰,,
950,历史的天空,,A#,国语,毛阿敏,,
951,其实你不懂我的心,,A#,国语,童安格,,
952,穷开心,,A#,国语,花儿乐队,,
953,如果没有你,,A#,国语,姚贝娜,,
954,山歌好比春江水·多谢了,,A#,国语,宋祖英,,
955,天仙子,,A#,国语,谢雨欣,,
956,驼铃,,A#,国语,刀郎,,
957,为你终生守口如瓶,,A#,国语,高松,A#→G#,
958,我是一只小小鸟,,A#,国语,赵传,,
959,小丑面具,,A#,国语,韩庚,,
960,小芳,,A#,国语,李春波,,
961,小苹果,,A#,国语,筷子兄弟,,
962,信天游,,A#,国语,程琳,,
963,一场游戏一场梦,,A#,国语,王杰,,
964,一夜惊喜,,A#,国语,李治廷&范冰冰,,
965,一直很安静,,A#,国语,阿桑,,
966,映山红,,A#,国语,宋祖英,,
967,月亮惹的祸,,A#,国语,张宇,,
968,在雨中,,A#,国语,姜育恒,,
969,站在高岗上,,A#,国语,张惠妹,,
970,中国话,,A#,国语,S.H.E,A#→C,
971,众人划桨开大船,,A#,国语,付笛声,,
972,热爱105°C的你,,A#,国语,阿肆,,
973,Arrietty's Song,,A#,日语,,A#→D#,
974,Beautiful World,,A#,外语,Westlife,,
975,Clattanoia,,A#,日语,OxT,,《OVERLORD》OP
976,DREAM SOLISTER,,A#,日语,TRUE,A#→C,
977,Evelyn Evelyn,,A#,外语,,,
978,happy endings,,A#,日语,花澤香菜,A#→C#→G→E,《绝园的暴风雨》ED
979,Hey!カロリーQueen,,A#,日语,竹達彩奈,,《粗点心战争》ED
980,Memory,,A#,外语,歌剧《 猫》,A#→F,歌剧《 猫》
981,Return To Innocence,,A#,外语,Enigma,,
982,What is Love,,A#,外语,Haddaway,,
983,White Noise,,A#,外语,Amber,,
984,Whole World Around,,A#,外语,Daniel Powter,,
985,あたたかな调べ,,A#,日语,佐藤利奈,,
986,ありがとう,,A#,日语,KOKIA,,
987,威風堂々,,A#,日语,,,
988,オンナのコ オトコのコ,,A#,日语,小倉優子,,
989,北国の春,,A#,日语,,,
990,君を知ること,,A#,日语,金元寿子,A#→G,中间有些半音，但仍是 A#
991,天使にふれたよ!,,A#,日语,,,
992,止マレ!,,A#,日语,,(B)→A#→D#,
993,はじまりの日,,A#,日语,じょん,,
994,はじめてのチュウ,,A#,日语,Naomile,,
995,Conturbatio,,A#,纯音乐,,,
996,Gun's & Roses,,A#,纯音乐,,,
997,Mariage d'amour,,A#,纯音乐,,,《梦中的婚礼》
998,sis puella magica!,,A#,纯音乐,,,
999,Snowdreams,,A#,纯音乐,Bandari,,
1000,The truth that you leave,,A#,纯音乐,,A#→C,
1001,漫步心旅,,A#,纯音乐,,,
1002,千秋,,A#,纯音乐,,,《古剑奇谭3》主题曲
1003,软红千丈,,A#,纯音乐,,,
1004,田舍小径,,A#,纯音乐,,,
1005,杏叶书香,,A#,纯音乐,,,
1006,運命の夜,うんめいのよる,A#,纯音乐,,,
1007,風の住む街,かぜのすむまち,A#,纯音乐,,,
1008,冬の街路樹,ふゆのがいろじゅ,A#,纯音乐,,,
1009,Why Me,,B,国语,李宇春,B→C,
1010,爱的供养,,B,国语,杨幂,,
1011,不要说话,,B,国语,陈奕迅,,
1012,不说再见,,B,国语,好妹妹,B→C#,
1013,长歌一曲,,B,国语,腾格尔,(D#),
1014,痴心绝对,,B,国语,李圣杰,,
1015,独角戏,,B,国语,许茹芸,B→C,
1016,发如雪,,B,国语,周杰伦,,
1017,风中有朵雨做的云,,B,国语,孟庭苇,,
1018,奉献,,B,国语,苏芮,,
1019,告白气球,,B,国语,周杰伦,,
1020,借我,,B,国语,谢春花,,
1021,开始懂了,,B,国语,孙燕姿,,
1022,你怎么舍得伤害我,,B,国语,梁咏琪&孙俪&许茹芸,,
1023,暖暖,,B,国语,梁静茹,B→C,
1024,说句心里话,,B,国语,阎维文,,
1025,太委屈,,B,国语,陶晶莹,,
1026,我要找到你,,B,国语,陈明,B→C,
1027,五月天,,B,国语,S.H.E,,
1028,喜欢寂寞,,B,国语,苏打绿,,
1029,下定决心忘记你,,B,国语,大哲,,
1030,想把我唱给你听,,B,国语,老狼&王婧,,
1031,心火,,B,国语,姚贝娜,,
1032,心情不错,,B,国语,孙悦,B→F#,
1033,演员,,B,国语,薛之谦,,
1034,阳光总在风雨后,,B,国语,许美静,,
1035,夜空中最亮的星,,B,国语,逃跑计划,,
1036,夜夜夜夜,,B,国语,齐秦,,
1037,有一点动心,,B,国语,张信哲&刘嘉玲,,
1038,最初的梦想,,B,国语,范玮琪,B→A#,
1039,素颜,,B,国语,许嵩&何曼婷,,
1040,白月光与朱砂痣,,B,国语,大籽,,
1041,Bird,,B,外语,下川みくに,,
1042,Crash,,B,外语,,,
1043,Havana,,B,外语,J.Fla,,
1044,Lemon,,B,外语,米津玄師,B→G#,《非自然死亡》主题曲
1045,LEVEL5 -judgelight-,,B,日语,fripside,B→C,
1046,Lights,,B,外语,Ellie Goulding,,
1047,-Mirage-,,B,日语,岡本菜摘,B→A→A#,
1048,Moon Without The Stars,,B,外语,Quiana,,《Deemo》
1049,Only My Railgun,,B,日语,fripside,B→G#→A#→B,
1050,Poker Face,,B,外语,Lady Gaga,,
1051,Sparkling Daydream,,B,日语,ZAQ,,
1052,Yellow,,B,外语,Coldplay,,
1053,あなたがいるから,,B,日语,,,
1054,終わりの世界から,,B,日语,やなぎなぎ,B→E,
1055,悲しいほど今日の夕陽きれいだね,,B,外语,,,
1056,現実的論理主義者,,B,外语,IA,,
1057,そこに在るもの,,B,外语,時音,,
1058,前前前世,,B,外语,RADWIMPS,,
1059,誕生日パーティでゲソ,,B,纯音乐,,,《侵略！乌贼娘》插曲
1060,夜桜街道,よざくらかいどう,B,外语,,B→E→D→C#,中间调很复杂
1061,Flower Dance,,B,纯音乐,,,
1062,Nyan Cat,,B,纯音乐,,,
1063,Trip,,B,纯音乐,,,
1064,步云登仙,,B,纯音乐,,,
1065,远方的寂静,,B,纯音乐,林海,,
1066,町、時の流れ、人,,B,纯音乐,,,
1067,黄土高坡,,E,国语,田震,,
1068,好大一棵树,,A#,国语,田震,,
1069,天亮了,,C,国语,韩红,,
1070,记事本,,D#,国语,周传雄,,
1071,草原之夜,,F,国语,降央卓玛,,
1072,忘了我,,G,国语,黄格选,,
1073,Something Just Like This,,D,外语,Coldplay,,
1074,青い幸福,あおいこうふく,D,外语,のぶこ,,
1075,Ref:rain,,G,外语,Aimer,,《恋如雨止》TV动画ED
1076,たぶん,,F,外语,YOASOBI,F→F#,
1077,またねがあれば,,D#,外语,當山みれい,,
1078,向日葵の咲く場所 ～daydream flowers～,,F#,外语,maoto,F#→F,
1079,願いを呼ぶ季節,,D#,外语,時音,D#→A#,
1080,敢问路在何方,,G#,国语,蒋大为,,
1081,山月调,,A,纯音乐,,,
1082,維新,,D#,纯音乐,ふみこみどり,,
1083,Colorful Days,,A#,国语,朴树,A#→C,
1084,白桦林,,G,国语,朴树,,
1085,红楼梦序曲,,G,纯音乐,,,
1086,One Fine Day,,C,纯音乐,,,
1087,Insomnia,,F#,外语,Craig David,,
1088,月光下的凤尾竹,,C,纯音乐,,,
1089,Blank Space,,F,外语,Taylor Swift,,
1090,Running a Little Late,,A,外语,Katharine Appleton,,
1091,Speed of Sound,,D,外语,Coldplay,,
1092,Delicious,,D,外语,Daniel Powter,,
1093,Best of Me,,G,外语,Daniel Powter,,
1094,Never Gonna Give You Up,,C#,外语,Rick Astley,,
1095,Two Tickets to Paradise,,A,外语,Eddie Money,,
1096,For the First Time in Forever,,F,外语,Kristen Bell,F→F#,
1097,Nessun dorma,,D,外语,José Carreras,,
1098,Memories,,B,外语,Maroon 5,,
1099,Payphone,,B,外语,Maroon 5,,
1100,Immortals,,A,外语,Fall Out Boy,,
1101,Monsters,,C#,外语,Katie Sky,,
1102,Unchained Melody,,C,外语,The Righteous Brothers,,
1103,Trololo Song,,C,外语,,C→C#→D→D#,
1104,野狼disco,,A,国语,宝石Gem,,
1105,风月无边,,F#,国语,晃儿,,
1106,冬天的秘密,,G,国语,周传雄,,
1107,披着羊皮的狼,,G,国语,刀郎,,
1108,手心里的温柔,,F,国语,刀郎,,
1109,西海情歌,,A#,国语,刀郎,,
1110,冲动的惩罚,,F#,国语,刀郎,,
1111,我在人民广场吃炸鸡,,D,国语,阿肆,,
1112,世界上的另一个我,,G,国语,郭采洁&阿肆,,
1113,喜欢,,C#,国语,阿肆,C#→D,
1114,可惜没如果,,C,国语,林俊杰,,
1115,修炼爱情,,D#,国语,林俊杰,D#→E,
1116,小酒窝,,D#,国语,林俊杰&蔡卓妍,,
1117,爱的初体验,,C,国语,张震岳,,
1118,走慢一点点,,D,国语,张震岳,,
1119,Time after time ～花舞う街で～,,D,外语,仓木麻衣,,
1120,Your Best Friend,,G#,外语,仓木麻衣,,
1121,一秒ごとに Love for you,,D,外语,仓木麻衣,,
1122,Revive,,B,外语,仓木麻衣,,
1123,SPRING OF THE EAST,,A,纯音乐,,,
1124,拿桑之音,,C,纯音乐,,,
1125,安详之所,,A,纯音乐,,,
1126,巴卡斯的回忆,,F,纯音乐,,,
1127,夏花争艳,,C,纯音乐,何真真,,
1128,彩蝶舞夏,,C,纯音乐,何真真,,
1129,我欲成仙,,C,国语,刘欢,,
1130,少年壮志不言愁,,C,国语,刘欢,,
1131,好汉歌,,D,国语,刘欢,,
1132,一无所有,,D#,国语,刘欢,,
1133,唱支山歌给党听,,G#,国语,宋祖英,,
1134,千古绝唱,,A#,国语,白雪,,
1135,世界很小是个家庭,,E,国语,张子枫,,《编辑部的故事》结尾曲
1136,投入地爱一次,,C#,国语,毛阿敏,,
1137,渴望,,D#,国语,毛阿敏,,
1138,爱上张无忌,,C,国语,毛阿敏,,
1139,易燃易爆炸,,C#,国语,陈粒,,
1140,月亮之上,,D,国语,凤凰传奇,,
1141,自由飞翔,,D,国语,凤凰传奇,,
1142,荷塘月色,,C,国语,凤凰传奇,C→D,
1143,中国味道,,G,国语,凤凰传奇,G→D,
1144,NIGHT DANCE,,A#,日语,imase,,
1145,Harvest Eve,,G,纯音乐,a_hisa,,
1146,Ready,,G#,纯音乐,,,游戏《仙境传说》
1147,恋ひ恋う縁,,D#,日语,KOTOKO,,游戏《千恋万花》主题曲
1148,清波水鉴,,C,纯音乐,,,游戏《仙剑3外传·问情篇》
1149,The Mountain Village,,C,纯音乐,,,游戏《野餐大冒险》
1150,Clover wish,,F#,日语,,,《神推偶像登上武道馆我就死而无憾》OP
1151,鯖鯖,,E,日语,山崎葵,,
1152,のような存在,,E,日语,白石麻衣&斋藤飞鸟,,
1153,スパークル,,B,日语,RADWIMPS,,《你的名字》中的歌曲
1154,新しい時代,,G#,纯音乐,川井憲次,,
